,docket,year,issue,issue_area,case_source_circuit,case_origin_circuit,lc_direction,lc_disposition,overturn_count_predict,overturn_count_actual,overturn_predict,overturn_actual,justice_1,justice_2,justice_3,justice_4,justice_5,justice_6,justice_7,justice_8,justice_9,justice_1_dir,justice_2_dir,justice_3_dir,justice_4_dir,justice_5_dir,justice_6_dir,justice_7_dir,justice_8_dir,justice_9_dir,justice_chief,correct
0,2010-075-01,2010,10270.0,1.0,0.0,0.0,1.0,2.0,0.5555555555555556,0.5555555555555556,True,True,0,0,0,0,1,1,1,1,1,1.2962542565266741,1.318955732122588,1.3356643356643356,1.3690987124463518,1.3968253968253967,1.530612244897959,1.5711009174311927,1.5897435897435896,1.610419026047565,0,True
1,2010-076-01,2010,100030.0,10.0,8.0,8.0,1.0,2.0,1.0,0.5555555555555556,True,True,1,1,1,1,1,1,1,1,1,1.2962542565266741,1.318955732122588,1.3356643356643356,1.3690987124463518,1.3968253968253967,1.530612244897959,1.5711009174311927,1.5897435897435896,1.610419026047565,1,True
2,2010-080-01,2010,90260.0,9.0,9.0,9.0,2.0,8.0,1.0,0.6666666666666666,True,True,1,1,1,1,1,1,1,1,1,1.2968397291196387,1.3205417607223475,1.3387096774193548,1.3715498938428874,1.3979706877113867,1.5471698113207548,1.572405929304447,1.5962732919254659,1.6114864864864864,1,True
3,2010-081-01,2010,40060.0,4.0,0.0,0.0,1.0,2.0,0.5555555555555556,1.0,True,True,0,0,0,0,1,1,1,1,1,1.2968397291196387,1.3205417607223475,1.3387096774193548,1.3715498938428874,1.3979706877113867,1.5471698113207548,1.572405929304447,1.5962732919254659,1.6114864864864864,0,True
4,2010-082-01,2010,40060.0,4.0,0.0,0.0,1.0,2.0,0.5555555555555556,0.6666666666666666,True,True,0,0,0,0,1,1,1,1,1,1.2968397291196387,1.3205417607223475,1.3387096774193548,1.3715498938428874,1.3979706877113867,1.5471698113207548,1.572405929304447,1.5962732919254659,1.6114864864864864,0,True
5,2010-083-01,2010,30010.0,3.0,9.0,9.0,2.0,2.0,0.6666666666666666,0.2222222222222222,True,False,1,1,1,1,1,1,0,0,0,1.2968397291196387,1.3205417607223475,1.3387096774193548,1.3715498938428874,1.3979706877113867,1.5471698113207548,1.572405929304447,1.5962732919254659,1.6114864864864864,1,False
6,2010-084-01,2010,30140.0,3.0,9.0,9.0,2.0,3.0,0.5555555555555556,0.5555555555555556,True,True,1,1,1,1,1,0,0,0,0,1.2968397291196387,1.3205417607223475,1.3387096774193548,1.3715498938428874,1.3979706877113867,1.5471698113207548,1.572405929304447,1.5962732919254659,1.6114864864864864,1,True
7,2010-085-01,2010,10130.0,1.0,5.0,5.0,1.0,2.0,1.0,0.4444444444444444,True,False,1,1,1,1,1,1,1,1,1,1.2965050732807215,1.3201803833145433,1.3379310344827586,1.3707627118644068,1.3975225225225225,1.5555555555555556,1.572892938496583,1.5987654320987654,1.611923509561305,1,False
8,2011-001-01,2011,10020.0,1.0,9.0,9.0,2.0,4.0,1.0,0.6666666666666666,True,True,1,1,1,1,1,1,1,1,1,1.2961711711711712,1.3198198198198199,1.3371559633027523,1.3699788583509513,1.3970753655793027,1.5454545454545454,1.5722411831626848,1.5950920245398772,1.6112359550561797,1,True
9,2011-002-01,2011,10020.0,1.0,3.0,3.0,1.0,2.0,0.5555555555555556,0.0,True,False,0,0,0,0,1,1,1,1,1,1.2951739618406286,1.3187429854096522,1.3348519362186788,1.3676470588235294,1.3957399103139014,1.5172413793103448,1.5714285714285714,1.5903614457831325,1.6103023516237402,0,False
10,2011-003-01,2011,10100.0,1.0,6.0,6.0,2.0,1.0,1.0,1.0,True,True,1,1,1,1,1,1,1,1,1,1.2955056179775282,1.3191011235955057,1.3356164383561644,1.368421052631579,1.3961840628507296,1.5263157894736843,1.572077185017026,1.593939393939394,1.6109865470852018,1,True
11,2011-004-01,2011,80160.0,8.0,0.0,0.0,2.0,2.0,1.0,1.0,True,True,1,1,1,1,1,1,1,1,1,1.2955056179775282,1.3191011235955057,1.3356164383561644,1.368421052631579,1.3961840628507296,1.5263157894736843,1.572077185017026,1.593939393939394,1.6109865470852018,1,True
12,2011-005-01,2011,90480.0,9.0,5.0,5.0,1.0,2.0,0.5555555555555556,0.1111111111111111,True,False,0,0,0,0,1,1,1,1,1,1.2931995540691192,1.318840579710145,1.3325842696629213,1.3651452282157677,1.3942093541202674,1.484375,1.5686936936936937,1.5755813953488371,1.6095661846496108,0,False
13,2011-006-01,2011,10140.0,1.0,9.0,9.0,2.0,3.0,0.8888888888888888,0.8888888888888888,True,True,1,1,1,1,1,1,1,1,0,1.2931995540691192,1.318840579710145,1.3325842696629213,1.3651452282157677,1.3942093541202674,1.484375,1.5686936936936937,1.5755813953488371,1.6095661846496108,1,True
14,2011-007-01,2011,80160.0,8.0,9.0,9.0,2.0,2.0,0.8888888888888888,0.8888888888888888,True,True,1,1,1,1,1,1,1,1,0,1.2931995540691192,1.318840579710145,1.3325842696629213,1.3651452282157677,1.3942093541202674,1.484375,1.5686936936936937,1.5755813953488371,1.6095661846496108,1,True
15,2011-008-01,2011,10160.0,1.0,0.0,0.0,1.0,9.0,0.4444444444444444,0.8888888888888888,False,True,0,0,0,0,0,1,1,1,1,1.2931995540691192,1.318840579710145,1.3325842696629213,1.3651452282157677,1.3942093541202674,1.484375,1.5686936936936937,1.5755813953488371,1.6095661846496108,0,False
16,2011-009-01,2011,10150.0,1.0,0.0,0.0,1.0,2.0,0.5555555555555556,0.8888888888888888,True,True,0,0,0,0,1,1,1,1,1,1.2955555555555556,1.3211111111111111,1.3370535714285714,1.3690721649484536,1.3962264150943395,1.507462686567164,1.5701459034792369,1.5771428571428572,1.6108647450110865,0,True
17,2011-010-01,2011,80040.0,8.0,9.0,9.0,2.0,3.0,0.6666666666666666,0.0,True,False,1,1,1,1,1,1,0,0,0,1.2955555555555556,1.3211111111111111,1.3370535714285714,1.3690721649484536,1.3962264150943395,1.507462686567164,1.5701459034792369,1.5771428571428572,1.6108647450110865,1,False
18,2011-011-01,2011,30160.0,3.0,6.0,6.0,1.0,5.0,0.6666666666666666,1.0,True,True,0,0,0,1,1,1,1,1,1,1.2955555555555556,1.3211111111111111,1.3370535714285714,1.3690721649484536,1.3962264150943395,1.507462686567164,1.5701459034792369,1.5771428571428572,1.6108647450110865,1,True
19,2011-012-01,2011,10270.0,1.0,7.0,7.0,2.0,3.0,1.0,1.0,True,True,1,1,1,1,1,1,1,1,1,1.2945128779395296,1.3180291153415453,1.3333333333333333,1.3661087866108788,1.3948545861297539,1.5,1.5701357466063348,1.5833333333333333,1.6089385474860336,1,True
20,2011-013-01,2011,20110.0,2.0,9.0,9.0,1.0,2.0,0.6666666666666666,1.0,True,True,0,0,0,1,1,1,1,1,1,1.2945128779395296,1.3180291153415453,1.3333333333333333,1.3661087866108788,1.3948545861297539,1.5,1.5701357466063348,1.5833333333333333,1.6089385474860336,1,True
21,2011-014-01,2011,80170.0,8.0,11.0,11.0,1.0,2.0,1.0,1.0,True,True,1,1,1,1,1,1,1,1,1,1.2967884828349945,1.3222591362126246,1.3414634146341464,1.3709016393442623,1.3971238938053097,1.5217391304347827,1.5715883668903803,1.5786516853932584,1.6110497237569061,1,True
22,2011-015-01,2011,80190.0,8.0,10.0,10.0,1.0,3.0,0.6666666666666666,0.3333333333333333,True,False,0,0,0,1,1,1,1,1,1,1.2967884828349945,1.3222591362126246,1.3414634146341464,1.3709016393442623,1.3971238938053097,1.5217391304347827,1.5715883668903803,1.5786516853932584,1.6110497237569061,1,False
23,2011-016-01,2011,20320.0,2.0,11.0,11.0,1.0,9.0,0.5555555555555556,0.7777777777777778,True,True,0,0,0,0,1,1,1,1,1,1.2967884828349945,1.3222591362126246,1.3414634146341464,1.3709016393442623,1.3971238938053097,1.5217391304347827,1.5715883668903803,1.5786516853932584,1.6110497237569061,0,True
24,2011-017-01,2011,10570.0,1.0,3.0,3.0,1.0,3.0,0.6666666666666666,0.7777777777777778,True,True,0,0,0,1,1,1,1,1,1,1.2995594713656389,1.3237885462555066,1.3486842105263157,1.3772819472616633,1.4004400440044005,1.554054054054054,1.5739710789766408,1.5901639344262295,1.6120879120879121,1,True
25,2011-018-01,2011,10050.0,1.0,9.0,9.0,1.0,6.0,1.0,1.0,True,True,1,1,1,1,1,1,1,1,1,1.2995594713656389,1.3237885462555066,1.3486842105263157,1.3772819472616633,1.4004400440044005,1.554054054054054,1.5739710789766408,1.5901639344262295,1.6120879120879121,1,True
26,2011-019-01,2011,100030.0,10.0,9.0,9.0,1.0,3.0,0.5555555555555556,1.0,True,True,0,0,0,0,1,1,1,1,1,1.2995594713656389,1.3237885462555066,1.3486842105263157,1.3772819472616633,1.4004400440044005,1.554054054054054,1.5739710789766408,1.5901639344262295,1.6120879120879121,0,True
27,2011-020-01,2011,10060.0,1.0,12.0,12.0,1.0,3.0,0.7777777777777778,1.0,True,True,0,0,1,1,1,1,1,1,1,1.2995594713656389,1.3237885462555066,1.3486842105263157,1.3772819472616633,1.4004400440044005,1.554054054054054,1.5739710789766408,1.5901639344262295,1.6120879120879121,1,True
28,2011-021-01,2011,20090.0,2.0,5.0,5.0,2.0,9.0,0.5555555555555556,1.0,True,True,1,1,1,1,1,0,0,0,0,1.2964601769911503,1.3219026548672566,1.342920353982301,1.3721881390593047,1.3977900552486189,1.5285714285714285,1.5720670391061453,1.5810055865921788,1.6114790286975718,1,True
29,2011-022-01,2011,20110.0,2.0,9.0,9.0,1.0,7.0,0.6666666666666666,0.3333333333333333,True,False,0,0,0,1,1,1,1,1,1,1.2982456140350878,1.3223684210526316,1.3456521739130434,1.3742454728370221,1.3986856516977,1.5512820512820513,1.5747508305647842,1.5828877005347595,1.612691466083151,1,False
30,2011-023-01,2011,10100.0,1.0,6.0,6.0,2.0,2.0,0.7777777777777778,0.6666666666666666,True,True,1,1,1,1,1,1,0,1,0,1.2982456140350878,1.3223684210526316,1.3456521739130434,1.3742454728370221,1.3986856516977,1.5512820512820513,1.5747508305647842,1.5828877005347595,1.612691466083151,1,True
31,2011-024-01,2011,10160.0,1.0,3.0,3.0,2.0,5.0,1.0,0.6666666666666666,True,True,1,1,1,1,1,1,1,1,1,1.2982456140350878,1.3223684210526316,1.3456521739130434,1.3742454728370221,1.3986856516977,1.5512820512820513,1.5747508305647842,1.5828877005347595,1.612691466083151,1,True
32,2011-025-01,2011,80160.0,8.0,0.0,0.0,2.0,3.0,1.0,1.0,True,True,1,1,1,1,1,1,1,1,1,1.2982456140350878,1.3223684210526316,1.3456521739130434,1.3742454728370221,1.3986856516977,1.5512820512820513,1.5747508305647842,1.5828877005347595,1.612691466083151,1,True
33,2011-026-01,2011,20400.0,2.0,9.0,9.0,2.0,2.0,0.8888888888888888,0.6666666666666666,True,True,1,1,1,1,1,1,1,1,0,1.2972677595628415,1.321311475409836,1.34341252699784,1.372,1.3973799126637554,1.5432098765432098,1.5728476821192052,1.5789473684210527,1.6117775354416575,1,True
34,2011-027-01,2011,80130.0,8.0,0.0,0.0,2.0,2.0,1.0,1.0,True,True,1,1,1,1,1,1,1,1,1,1.2972677595628415,1.321311475409836,1.34341252699784,1.372,1.3973799126637554,1.5432098765432098,1.5728476821192052,1.5789473684210527,1.6117775354416575,1,True
35,2011-028-01,2011,20180.0,2.0,9.0,9.0,1.0,2.0,1.0,0.5555555555555556,True,True,1,1,1,1,1,1,1,1,1,1.2972677595628415,1.321311475409836,1.34341252699784,1.372,1.3973799126637554,1.5432098765432098,1.5728476821192052,1.5789473684210527,1.6117775354416575,1,True
36,2011-029-01,2011,100020.0,10.0,3.0,3.0,2.0,2.0,0.7777777777777778,0.3333333333333333,True,False,1,1,1,1,1,0,1,1,0,1.296943231441048,1.3209606986899562,1.3426724137931034,1.3712574850299402,1.3980370774263904,1.548780487804878,1.5733186328555677,1.581151832460733,1.6122004357298474,1,False
37,2011-030-01,2011,20320.0,2.0,9.0,9.0,2.0,5.0,0.6666666666666666,1.0,True,True,1,1,1,1,1,1,0,0,0,1.297709923664122,1.321701199563795,1.3440860215053763,1.3725099601593624,1.3986928104575163,1.5542168674698795,1.5726872246696035,1.578125,1.6115342763873777,1,True
38,2011-031-01,2011,20330.0,2.0,9.0,9.0,1.0,2.0,0.5555555555555556,0.7777777777777778,True,True,0,0,0,0,1,1,1,1,1,1.296416938110749,1.3203040173724212,1.3432835820895523,1.3715415019762847,1.3980477223427332,1.5517241379310345,1.5723684210526316,1.5765306122448979,1.6121343445287106,0,True
39,2011-032-01,2011,100070.0,10.0,4.0,4.0,1.0,2.0,0.5555555555555556,0.4444444444444444,True,False,0,0,0,0,1,1,1,1,1,1.296416938110749,1.3203040173724212,1.3432835820895523,1.3715415019762847,1.3980477223427332,1.5517241379310345,1.5723684210526316,1.5765306122448979,1.6121343445287106,0,False
40,2011-033-01,2011,80040.0,8.0,9.0,9.0,1.0,2.0,0.7777777777777778,0.1111111111111111,True,False,0,0,1,1,1,1,1,1,1,1.296416938110749,1.3203040173724212,1.3432835820895523,1.3715415019762847,1.3980477223427332,1.5517241379310345,1.5723684210526316,1.5765306122448979,1.6121343445287106,1,False
41,2011-034-01,2011,80180.0,8.0,13.0,9.0,2.0,3.0,0.8888888888888888,0.0,True,False,1,1,1,1,1,1,1,1,0,1.296416938110749,1.3203040173724212,1.3432835820895523,1.3715415019762847,1.3980477223427332,1.5517241379310345,1.5723684210526316,1.5765306122448979,1.6121343445287106,1,False
42,2011-036-01,2011,80120.0,8.0,9.0,9.0,1.0,9.0,1.0,0.1111111111111111,True,False,1,1,1,1,1,1,1,1,1,1.2969762419006479,1.3207343412526997,1.3438818565400843,1.3725490196078431,1.400215749730313,1.565217391304348,1.5725190839694656,1.5820895522388059,1.613146551724138,1,False
43,2011-037-01,2011,100035.0,10.0,12.0,12.0,2.0,2.0,0.6666666666666666,0.1111111111111111,True,False,1,1,1,1,1,0,1,0,0,1.2969762419006479,1.3207343412526997,1.3438818565400843,1.3725490196078431,1.400215749730313,1.565217391304348,1.5725190839694656,1.5820895522388059,1.613146551724138,1,False
44,2011-038-01,2011,20330.0,2.0,6.0,6.0,1.0,2.0,0.6666666666666666,0.5555555555555556,True,True,0,0,0,1,1,1,1,1,1,1.2965367965367964,1.3203463203463204,1.3432203389830508,1.3713163064833005,1.4,1.5666666666666667,1.5737704918032787,1.5829145728643217,1.613390928725702,1,True
45,2011-039-01,2011,20330.0,2.0,0.0,0.0,2.0,3.0,0.8888888888888888,0.4444444444444444,True,False,1,1,1,1,1,1,1,1,0,1.2965367965367964,1.3203463203463204,1.3432203389830508,1.3713163064833005,1.4,1.5666666666666667,1.5737704918032787,1.5829145728643217,1.613390928725702,1,False
46,2011-040-01,2011,80130.0,8.0,9.0,9.0,1.0,2.0,1.0,1.0,True,True,1,1,1,1,1,1,1,1,1,1.2965367965367964,1.3203463203463204,1.3432203389830508,1.3713163064833005,1.4,1.5666666666666667,1.5737704918032787,1.5829145728643217,1.613390928725702,1,True
47,2011-041-01,2011,90320.0,9.0,5.0,5.0,2.0,2.0,0.5555555555555556,0.3333333333333333,True,False,1,1,1,1,1,0,0,0,0,1.2981700753498386,1.3218514531754575,1.3459119496855345,1.3762183235867447,1.4010752688172043,1.5728260869565218,1.5789473684210527,1.588235294117647,1.6133190118152525,1,False
48,2011-042-01,2011,20260.0,2.0,2.0,2.0,1.0,2.0,0.6666666666666666,0.6666666666666666,True,True,0,0,0,1,1,1,1,1,1,1.2981700753498386,1.3218514531754575,1.3459119496855345,1.3762183235867447,1.4010752688172043,1.5728260869565218,1.5789473684210527,1.588235294117647,1.6133190118152525,1,True
49,2011-043-01,2011,50010.0,5.0,9.0,9.0,2.0,4.0,0.5555555555555556,0.6666666666666666,True,True,1,1,1,1,1,0,0,0,0,1.2981700753498386,1.3218514531754575,1.3459119496855345,1.3762183235867447,1.4010752688172043,1.5728260869565218,1.5789473684210527,1.588235294117647,1.6133190118152525,1,True
50,2011-044-01,2011,90150.0,9.0,7.0,7.0,1.0,2.0,0.5555555555555556,0.0,True,False,0,0,0,0,1,1,1,1,1,1.2972103004291846,1.3208154506437768,1.34375,1.374031007751938,1.39978563772776,1.5670103092783505,1.57204767063922,1.5845410628019323,1.6124197002141327,0,False
51,2011-045-01,2011,20400.0,2.0,11.0,11.0,1.0,2.0,0.5555555555555556,0.0,True,False,0,0,0,0,1,1,1,1,1,1.2972103004291846,1.3208154506437768,1.34375,1.374031007751938,1.39978563772776,1.5670103092783505,1.57204767063922,1.5845410628019323,1.6124197002141327,0,False
52,2011-046-01,2011,10050.0,1.0,3.0,3.0,1.0,3.0,0.5555555555555556,0.4444444444444444,True,False,0,0,0,0,1,1,1,1,1,1.2972103004291846,1.3208154506437768,1.34375,1.374031007751938,1.39978563772776,1.5670103092783505,1.57204767063922,1.5845410628019323,1.6124197002141327,0,False
53,2011-047-01,2011,80170.0,8.0,13.0,6.0,1.0,3.0,0.6666666666666666,1.0,True,True,0,0,0,1,1,1,1,1,1,1.297644539614561,1.3211991434689507,1.3443983402489628,1.3745173745173744,1.4,1.572972972972973,1.5757575757575757,1.5885167464114833,1.6132478632478633,1,True
54,2011-048-01,2011,20400.0,2.0,9.0,9.0,2.0,6.0,0.5555555555555556,1.0,True,True,1,1,1,1,1,0,0,0,0,1.297644539614561,1.3211991434689507,1.3443983402489628,1.3745173745173744,1.4,1.572972972972973,1.5757575757575757,1.5885167464114833,1.6132478632478633,1,True
55,2011-049-01,2011,80070.0,8.0,12.0,12.0,1.0,2.0,1.0,0.0,True,False,1,1,1,1,1,1,1,1,1,1.297008547008547,1.3205128205128205,1.3429752066115703,1.373076923076923,1.3991462113127,1.5643564356435644,1.5717367853290183,1.5829383886255923,1.6119402985074627,1,False
56,2011-050-01,2011,80180.0,8.0,13.0,12.0,2.0,2.0,0.5555555555555556,0.0,True,False,1,1,1,1,1,0,0,0,0,1.297008547008547,1.3205128205128205,1.3429752066115703,1.373076923076923,1.3991462113127,1.5643564356435644,1.5717367853290183,1.5829383886255923,1.6119402985074627,1,False
57,2011-051-01,2011,10020.0,1.0,10.0,10.0,1.0,2.0,0.4444444444444444,1.0,False,True,0,0,0,0,0,1,1,1,1,1.2977588046958377,1.3212379935965848,1.3443298969072166,1.3742802303262955,1.3997867803837953,1.5686274509803921,1.572198275862069,1.5849056603773586,1.612353567625133,0,False
58,2011-052-01,2011,120010.0,12.0,4.0,4.0,1.0,3.0,1.0,0.4444444444444444,True,False,1,1,1,1,1,1,1,1,1,1.2985074626865671,1.3219616204690832,1.345679012345679,1.3754789272030652,1.4004259850905219,1.5726587728740582,1.5728155339805825,1.5868544600938967,1.6127659574468085,1,False
59,2011-053-01,2011,120030.0,12.0,9.0,9.0,1.0,3.0,1.0,0.5555555555555556,True,True,1,1,1,1,1,1,1,1,1,1.2981895633652822,1.321618743343983,1.3449691991786448,1.3747609942638623,1.401063829787234,1.5720430107526882,1.5769230769230769,1.588785046728972,1.6131774707757705,1,True
60,2011-054-01,2011,20170.0,2.0,3.0,3.0,2.0,7.0,0.7777777777777778,1.0,True,True,1,1,1,1,1,1,1,0,0,1.2983014861995754,1.321656050955414,1.3448979591836734,1.3745247148288973,1.3997879109225875,1.560747663551402,1.5712754555198285,1.5898617511520738,1.6122881355932204,1,True
61,2011-055-01,2011,90110.0,9.0,9.0,9.0,1.0,2.0,1.0,0.3333333333333333,True,False,1,1,1,1,1,1,1,1,1,1.2983014861995754,1.321656050955414,1.3448979591836734,1.3745247148288973,1.3997879109225875,1.560747663551402,1.5712754555198285,1.5898617511520738,1.6122881355932204,1,False
62,2011-056-01,2011,20110.0,2.0,9.0,9.0,2.0,2.0,0.5555555555555556,1.0,True,True,1,1,1,1,1,0,0,0,0,1.2983014861995754,1.321656050955414,1.3448979591836734,1.3745247148288973,1.3997879109225875,1.560747663551402,1.5712754555198285,1.5898617511520738,1.6122881355932204,1,True
63,2011-057-01,2011,10170.0,1.0,0.0,0.0,1.0,2.0,0.4444444444444444,0.3333333333333333,False,False,0,0,0,0,0,1,1,1,1,1.2976694915254237,1.3209745762711864,1.3434959349593496,1.3731060606060606,1.398941798941799,1.5596330275229358,1.570053475935829,1.5890410958904109,1.6120507399577166,0,True
64,2011-058-01,2011,80170.0,8.0,5.0,5.0,1.0,2.0,0.7777777777777778,0.0,True,False,0,0,1,1,1,1,1,1,1,1.2976694915254237,1.3209745762711864,1.3434959349593496,1.3731060606060606,1.398941798941799,1.5596330275229358,1.570053475935829,1.5890410958904109,1.6120507399577166,1,False
65,2011-059-01,2011,20100.0,2.0,7.0,7.0,1.0,2.0,0.6666666666666666,0.1111111111111111,True,False,0,0,0,1,1,1,1,1,1,1.2970401691331923,1.3202959830866807,1.3421052631578947,1.3716981132075472,1.3985200845665962,1.5495495495495495,1.5688367129135539,1.583710407239819,1.610759493670886,1,False
66,2011-060-01,2011,10020.0,1.0,3.0,3.0,2.0,4.0,1.0,1.0,True,True,1,1,1,1,1,1,1,1,1,1.2970401691331923,1.3202959830866807,1.3421052631578947,1.3716981132075472,1.3985200845665962,1.5495495495495495,1.5688367129135539,1.583710407239819,1.610759493670886,1,True
67,2011-061-01,2011,20400.0,2.0,10.0,10.0,2.0,7.0,0.8888888888888888,1.0,True,True,1,1,1,1,1,1,1,1,0,1.2964135021097047,1.3196202531645569,1.340725806451613,1.3703007518796992,1.3976793248945147,1.5446428571428572,1.5676251331203408,1.5784753363228698,1.6094736842105264,1,True
68,2011-062-01,2011,80100.0,8.0,0.0,0.0,1.0,3.0,0.4444444444444444,0.3333333333333333,False,False,0,0,0,0,0,1,1,1,1,1.2964135021097047,1.3196202531645569,1.340725806451613,1.3703007518796992,1.3976793248945147,1.5446428571428572,1.5676251331203408,1.5784753363228698,1.6094736842105264,0,True
69,2011-063-01,2011,10020.0,1.0,6.0,6.0,2.0,7.0,1.0,1.0,True,True,1,1,1,1,1,1,1,1,1,1.2957894736842106,1.32,1.3413654618473896,1.3707865168539326,1.3968421052631579,1.5350877192982457,1.5664187035069075,1.5733333333333333,1.6081932773109244,1,True
70,2011-064-01,2011,90120.0,9.0,1.0,1.0,1.0,5.0,0.4444444444444444,0.3333333333333333,False,False,0,0,0,0,1,1,1,0,1,1.2957894736842106,1.32,1.3413654618473896,1.3707865168539326,1.3968421052631579,1.5350877192982457,1.5664187035069075,1.5733333333333333,1.6081932773109244,0,True
71,2011-065-01,2011,90280.0,9.0,12.0,12.0,1.0,3.0,0.6666666666666666,0.1111111111111111,True,False,0,0,0,1,1,1,1,1,1,1.2955974842767295,1.319706498951782,1.340637450199203,1.3680297397769516,1.3962264150943395,1.5423728813559323,1.565079365079365,1.5764192139737991,1.6077405857740585,1,False
72,2011-066-01,2011,20150.0,2.0,10.0,10.0,2.0,3.0,0.7777777777777778,0.4444444444444444,True,False,1,1,1,1,1,1,1,0,0,1.2955974842767295,1.319706498951782,1.340637450199203,1.3680297397769516,1.3962264150943395,1.5423728813559323,1.565079365079365,1.5764192139737991,1.6077405857740585,1,False
73,2011-067-01,2011,70040.0,7.0,9.0,9.0,1.0,2.0,0.5555555555555556,0.4444444444444444,True,False,0,0,0,0,1,1,1,1,1,1.2955974842767295,1.319706498951782,1.340637450199203,1.3680297397769516,1.3962264150943395,1.5423728813559323,1.565079365079365,1.5764192139737991,1.6077405857740585,0,False
74,2011-068-01,2011,10270.0,1.0,0.0,0.0,1.0,2.0,0.4444444444444444,0.4444444444444444,False,False,0,0,0,0,0,1,1,1,1,1.2955974842767295,1.319706498951782,1.340637450199203,1.3680297397769516,1.3962264150943395,1.5423728813559323,1.565079365079365,1.5764192139737991,1.6077405857740585,0,True
75,2011-069-01,2011,10560.0,1.0,1.0,1.0,2.0,2.0,0.5555555555555556,0.6666666666666666,True,True,1,1,1,1,1,0,0,0,0,1.2943632567849688,1.3194154488517744,1.3399209486166008,1.3653136531365313,1.3966597077244258,1.5491803278688525,1.565858798735511,1.5751072961373391,1.6072916666666666,1,True
76,2011-070-01,2011,70060.0,7.0,9.0,9.0,2.0,4.0,0.7777777777777778,0.7777777777777778,True,True,1,1,1,1,1,0,1,1,0,1.2943632567849688,1.3194154488517744,1.3399209486166008,1.3653136531365313,1.3966597077244258,1.5491803278688525,1.565858798735511,1.5751072961373391,1.6072916666666666,1,True
77,2011-071-01,2011,10040.0,1.0,7.0,7.0,1.0,2.0,0.5555555555555556,0.5555555555555556,True,True,0,0,0,0,1,1,1,1,1,1.2943632567849688,1.3194154488517744,1.3399209486166008,1.3653136531365313,1.3966597077244258,1.5491803278688525,1.565858798735511,1.5751072961373391,1.6072916666666666,0,True
78,2011-072-01,2011,40010.0,4.0,2.0,2.0,1.0,-99.0,1.0,1.0,True,True,1,1,1,1,1,1,1,1,1,1.2943632567849688,1.3194154488517744,1.3399209486166008,1.3653136531365313,1.3966597077244258,1.5491803278688525,1.565858798735511,1.5751072961373391,1.6072916666666666,1,True
79,2011-073-01,2011,30020.0,3.0,0.0,0.0,2.0,9.0,1.0,0.4444444444444444,True,False,1,1,1,1,1,1,1,1,1,1.295525494276795,1.320499479708637,1.3418467583497053,1.3669724770642202,1.3985431841831426,1.552,1.5661764705882353,1.574468085106383,1.6074766355140186,1,False
80,2011-074-01,2011,10130.0,1.0,0.0,0.0,1.0,2.0,0.5555555555555556,0.5555555555555556,True,True,0,0,0,0,1,1,1,1,1,1.295525494276795,1.320499479708637,1.3418467583497053,1.3669724770642202,1.3985431841831426,1.552,1.5661764705882353,1.574468085106383,1.6074766355140186,0,True
81,2011-075-01,2011,100030.0,10.0,9.0,9.0,2.0,2.0,0.8888888888888888,0.4444444444444444,True,False,1,1,1,1,1,1,1,1,0,1.295525494276795,1.320499479708637,1.3418467583497053,1.3669724770642202,1.3985431841831426,1.552,1.5661764705882353,1.574468085106383,1.6074766355140186,1,False
82,2011-076-01,2011,30010.0,3.0,9.0,9.0,2.0,3.0,0.7777777777777778,0.3333333333333333,True,False,1,1,1,1,1,1,0,1,0,1.2946058091286308,1.3195020746887967,1.33984375,1.3704379562043796,1.3993775933609958,1.5590551181102361,1.567539267015707,1.5798319327731092,1.608695652173913,1,False
83,2011-077-01,2011,100120.0,10.0,11.0,11.0,1.0,2.0,1.0,0.5555555555555556,True,True,1,1,1,1,1,1,1,1,1,1.2946058091286308,1.3195020746887967,1.33984375,1.3704379562043796,1.3993775933609958,1.5590551181102361,1.567539267015707,1.5798319327731092,1.608695652173913,1,True
84,2011-080-01,2011,90150.0,9.0,9.0,9.0,1.5,7.0,1.0,1.0,True,True,1,1,1,1,1,1,1,1,1,1.2946058091286308,1.3195020746887967,1.33984375,1.3704379562043796,1.3993775933609958,1.5590551181102361,1.567539267015707,1.5798319327731092,1.608695652173913,1,True
85,2012-001-01,2012,40070.0,4.0,13.0,13.0,2.0,3.0,1.0,1.0,True,True,1,1,1,1,1,1,1,1,1,1.294725956566701,1.3195449844881075,1.3398058252427185,1.3702359346642468,1.3991726990692865,1.558139534883721,1.5668058455114822,1.5767634854771784,1.607843137254902,1,True
86,2012-002-01,2012,60010.0,6.0,4.0,4.0,1.0,2.0,1.0,1.0,True,True,1,1,1,1,1,1,1,1,1,1.2946058091286308,1.3195020746887967,1.33984375,1.3704379562043796,1.3993775933609958,1.5590551181102361,1.567539267015707,1.5798319327731092,1.608695652173913,1,True
87,2012-003-01,2012,70010.0,7.0,0.0,0.0,2.0,3.0,1.0,1.0,True,True,1,1,1,1,1,1,1,1,1,1.295031055900621,1.3198757763975155,1.3404669260700388,1.3709090909090909,1.3995859213250517,1.558139534883721,1.567398119122257,1.5791666666666666,1.6084710743801653,1,True
88,2012-004-01,2012,50010.0,5.0,13.0,7.0,2.0,5.0,1.0,1.0,True,True,1,1,1,1,1,1,1,1,1,1.2953367875647668,1.3202072538860103,1.341130604288499,1.3715846994535519,1.4,1.5625,1.5679916317991631,1.5815899581589958,1.609100310237849,1,True
89,2012-005-01,2012,20400.0,2.0,8.0,8.0,1.0,2.0,0.8888888888888888,1.0,True,True,0,1,1,1,1,1,1,1,1,1.2944214876033058,1.3192148760330578,1.3391472868217054,1.3695652173913044,1.3987603305785123,1.5538461538461539,1.5662148070907196,1.5743801652892562,1.6072164948453609,1,True
90,2012-006-01,2012,10400.0,1.0,12.0,12.0,1.0,2.0,0.6666666666666666,0.0,True,False,0,0,0,1,1,1,1,1,1,1.294238683127572,1.3189300411522633,1.3384615384615384,1.368705035971223,1.3981481481481481,1.544776119402985,1.5649013499480788,1.5691056910569106,1.6057494866529773,1,False
91,2012-007-01,2012,80200.0,8.0,2.0,2.0,1.0,2.0,1.0,0.0,True,False,1,1,1,1,1,1,1,1,1,1.294238683127572,1.3189300411522633,1.3384615384615384,1.368705035971223,1.3981481481481481,1.544776119402985,1.5649013499480788,1.5691056910569106,1.6057494866529773,1,False
92,2012-008-01,2012,80130.0,8.0,9.0,9.0,2.0,7.0,1.0,1.0,True,True,1,1,1,1,1,1,1,1,1,1.2948453608247423,1.3195876288659794,1.3397683397683398,1.3700361010830324,1.3989690721649484,1.553030303030303,1.5660770031217481,1.5737704918032787,1.6069958847736625,1,True
93,2012-009-01,2012,10020.0,1.0,9.0,9.0,2.0,1.0,1.0,1.0,True,True,1,1,1,1,1,1,1,1,1,1.2948453608247423,1.3195876288659794,1.3397683397683398,1.3700361010830324,1.3989690721649484,1.553030303030303,1.5660770031217481,1.5737704918032787,1.6069958847736625,1,True
94,2012-010-01,2012,40070.0,4.0,11.0,11.0,2.0,-99.0,0.6666666666666666,0.2222222222222222,True,False,1,1,1,1,1,1,0,0,0,1.2939362795477904,1.3186022610483041,1.3378119001919386,1.3680430879712746,1.3977389516957863,1.5407407407407407,1.5643153526970954,1.5668016194331984,1.6051282051282052,1,False
95,2012-011-01,2012,90120.0,9.0,12.0,12.0,2.0,-99.0,1.0,0.0,True,False,1,1,1,1,1,1,1,1,1,1.2946611909650925,1.3193018480492813,1.339080459770115,1.3691756272401434,1.3973305954825461,1.5441176470588236,1.564516129032258,1.5647668393782384,1.6055327868852458,1,False
96,2012-012-01,2012,20170.0,2.0,11.0,11.0,1.0,9.0,0.7777777777777778,1.0,True,True,0,1,0,1,1,1,1,1,1,1.296523517382413,1.322085889570552,1.3422053231939164,1.3736654804270463,1.399795501022495,1.5571428571428572,1.565531475748194,1.5714285714285714,1.6071428571428572,1,True
97,2012-013-01,2012,10050.0,1.0,2.0,2.0,1.0,2.0,0.5555555555555556,0.6666666666666666,True,True,0,0,0,0,1,1,1,1,1,1.296523517382413,1.322085889570552,1.3422053231939164,1.3736654804270463,1.399795501022495,1.5571428571428572,1.565531475748194,1.5714285714285714,1.6071428571428572,0,True
98,2012-014-01,2012,80010.0,8.0,11.0,11.0,1.0,-99.0,1.0,1.0,True,True,1,1,1,1,1,1,1,1,1,1.296523517382413,1.322085889570552,1.3422053231939164,1.3736654804270463,1.399795501022495,1.5571428571428572,1.565531475748194,1.5714285714285714,1.6071428571428572,1,True
99,2012-015-01,2012,10050.0,1.0,0.0,0.0,1.0,3.0,0.7777777777777778,1.0,True,True,0,1,0,1,1,1,1,1,1,1.296523517382413,1.322085889570552,1.3422053231939164,1.3736654804270463,1.399795501022495,1.5571428571428572,1.565531475748194,1.5714285714285714,1.6071428571428572,1,True
100,2012-016-01,2012,10370.0,1.0,5.0,-99.0,1.0,-99.0,1.0,0.6666666666666666,True,True,1,1,1,1,1,1,1,1,1,1.2970498474059002,1.3224821973550356,1.3408662900188324,1.3756613756613756,1.4008138351983723,1.5586206896551724,1.5657084188911705,1.575875486381323,1.6081218274111675,1,True
101,2012-017-01,2012,10580.0,1.0,9.0,4.0,1.0,5.0,1.0,0.0,True,False,1,1,1,1,1,1,1,1,1,1.2970498474059002,1.3224821973550356,1.3408662900188324,1.3756613756613756,1.4008138351983723,1.5586206896551724,1.5657084188911705,1.575875486381323,1.6081218274111675,1,False
102,2012-018-01,2012,10170.0,1.0,0.0,0.0,1.0,2.0,0.7777777777777778,0.8888888888888888,True,True,0,0,1,1,1,1,1,1,1,1.2970498474059002,1.3224821973550356,1.3408662900188324,1.3756613756613756,1.4008138351983723,1.5586206896551724,1.5657084188911705,1.575875486381323,1.6081218274111675,1,True
103,2012-019-01,2012,10040.0,1.0,7.0,7.0,1.0,2.0,0.7777777777777778,0.2222222222222222,True,False,0,1,0,1,1,1,1,1,1,1.2970498474059002,1.3224821973550356,1.3408662900188324,1.3756613756613756,1.4008138351983723,1.5586206896551724,1.5657084188911705,1.575875486381323,1.6081218274111675,1,False
104,2012-020-01,2012,80170.0,8.0,10.0,10.0,1.0,2.0,1.0,0.2222222222222222,True,False,1,1,1,1,1,1,1,1,1,1.2964467005076141,1.3218274111675128,1.3395872420262664,1.374340949033392,1.4,1.564625850340136,1.5655737704918034,1.579150579150579,1.6079027355623101,1,False
105,2012-021-01,2012,90220.0,9.0,2.0,2.0,2.0,3.0,0.5555555555555556,0.5555555555555556,True,True,1,1,1,1,1,0,0,0,0,1.2964467005076141,1.3218274111675128,1.3395872420262664,1.374340949033392,1.4,1.564625850340136,1.5655737704918034,1.579150579150579,1.6079027355623101,1,True
106,2012-022-01,2012,80120.0,8.0,2.0,2.0,1.0,3.0,1.0,1.0,True,True,1,1,1,1,1,1,1,1,1,1.2968591691995948,1.3221884498480243,1.3420560747663552,1.3765323992994747,1.4002026342451874,1.5664621676891615,1.570469798657718,1.582375478927203,1.608695652173913,1,True
107,2012-023-01,2012,80120.0,8.0,9.0,9.0,2.0,-99.0,0.5555555555555556,0.3333333333333333,True,False,1,1,1,1,1,0,0,0,0,1.2968591691995948,1.3221884498480243,1.3420560747663552,1.3765323992994747,1.4002026342451874,1.5664621676891615,1.570469798657718,1.582375478927203,1.608695652173913,1,False
108,2012-024-01,2012,80060.0,8.0,9.0,9.0,1.0,2.0,0.7777777777777778,1.0,True,True,0,1,0,1,1,1,1,1,1,1.2975708502024292,1.3228744939271255,1.3432835820895523,1.3776223776223777,1.4008097165991902,1.5669050051072524,1.5733333333333333,1.583969465648855,1.6090909090909091,1,True
109,2012-025-01,2012,80190.0,8.0,2.0,2.0,1.0,2.0,0.7777777777777778,0.6666666666666666,True,True,0,0,1,1,1,1,1,1,1,1.298989898989899,1.3232323232323233,1.345724907063197,1.3797909407665505,1.401010101010101,1.5677879714576963,1.5789473684210527,1.5871212121212122,1.6088709677419355,1,True
110,2012-026-01,2012,90320.0,9.0,8.0,8.0,1.0,9.0,1.0,1.0,True,True,1,1,1,1,1,1,1,1,1,1.298989898989899,1.3232323232323233,1.345724907063197,1.3797909407665505,1.401010101010101,1.5677879714576963,1.5789473684210527,1.5871212121212122,1.6088709677419355,1,True
111,2012-027-01,2012,80130.0,8.0,9.0,9.0,1.0,3.0,1.0,0.8888888888888888,True,True,1,1,1,1,1,1,1,1,1,1.2993951612903225,1.3225806451612903,1.348148148148148,1.3802083333333333,1.4022177419354838,1.5682281059063137,1.5844155844155845,1.5902255639097744,1.6096579476861168,1,True
112,2012-028-01,2012,100030.0,10.0,4.0,4.0,1.0,5.0,1.0,0.6666666666666666,True,True,1,1,1,1,1,1,1,1,1,1.2993951612903225,1.3225806451612903,1.348148148148148,1.3802083333333333,1.4022177419354838,1.5682281059063137,1.5844155844155845,1.5902255639097744,1.6096579476861168,1,True
113,2012-029-01,2012,100030.0,10.0,0.0,0.0,2.0,2.0,0.6666666666666666,1.0,True,True,1,1,0,0,0,1,1,1,1,1.2970498474059002,1.3224821973550356,1.3408662900188324,1.3756613756613756,1.4008138351983723,1.5586206896551724,1.5657084188911705,1.575875486381323,1.6081218274111675,0,True
114,2012-030-01,2012,10050.0,1.0,0.0,0.0,2.0,2.0,0.6666666666666666,0.4444444444444444,True,False,1,1,1,1,1,1,0,0,0,1.299093655589124,1.3222557905337362,1.3475046210720887,1.3795493934142113,1.4018126888217524,1.5676500508647,1.5806451612903225,1.5880149812734083,1.6090452261306534,1,False
115,2012-031-01,2012,90240.0,9.0,3.0,3.0,2.0,2.0,0.5555555555555556,0.5555555555555556,True,True,1,1,1,1,1,0,0,0,0,1.2994974874371858,1.3226130653266333,1.3462246777163904,1.378238341968912,1.401005025125628,1.56751269035533,1.585987261146497,1.5910780669144982,1.609829488465396,1,True
116,2012-032-01,2012,80060.0,8.0,3.0,3.0,1.0,2.0,0.5555555555555556,1.0,True,True,0,0,0,0,1,1,1,1,1,1.2994974874371858,1.3226130653266333,1.3462246777163904,1.378238341968912,1.401005025125628,1.56751269035533,1.585987261146497,1.5910780669144982,1.609829488465396,0,True
117,2012-033-01,2012,20320.0,2.0,9.0,9.0,2.0,4.0,1.0,1.0,True,True,1,1,1,1,1,1,1,1,1,1.3002008032128514,1.323293172690763,1.3474264705882353,1.3793103448275863,1.4016064257028114,1.567951318458418,1.5886075949367089,1.5925925925925926,1.6102204408817635,1,True
118,2012-034-01,2012,70040.0,7.0,3.0,3.0,2.0,4.0,0.5555555555555556,0.5555555555555556,True,True,1,1,1,1,1,0,0,0,0,1.2995991983967936,1.3226452905811623,1.3461538461538463,1.3780068728522337,1.4008016032064128,1.5678137651821862,1.5875,1.5919117647058822,1.61,1,True
119,2012-035-01,2012,80090.0,8.0,3.0,3.0,2.0,5.0,0.5555555555555556,0.5555555555555556,True,True,1,1,1,1,1,0,0,0,0,1.2995991983967936,1.3226452905811623,1.3461538461538463,1.3780068728522337,1.4008016032064128,1.5678137651821862,1.5875,1.5919117647058822,1.61,1,True
120,2012-036-01,2012,90230.0,9.0,2.0,2.0,1.0,9.0,0.4444444444444444,0.0,False,False,0,0,0,0,0,1,1,1,1,1.3,1.323,1.3467153284671534,1.3784246575342465,1.4,1.5666666666666667,1.5802469135802468,1.5875912408759123,1.6087824351297406,0,True
121,2012-037-01,2012,10050.0,1.0,0.0,0.0,2.0,2.0,0.8888888888888888,0.4444444444444444,True,False,1,1,1,1,1,1,1,1,0,1.3,1.323,1.3467153284671534,1.3784246575342465,1.4,1.5666666666666667,1.5802469135802468,1.5875912408759123,1.6087824351297406,1,False
122,2012-038-01,2012,20110.0,2.0,5.0,0.0,1.0,9.0,0.5555555555555556,0.7777777777777778,True,True,0,0,0,0,1,1,1,1,1,1.2997002997002998,1.3236763236763236,1.3460837887067396,1.3777777777777778,1.4005994005994007,1.5660948536831483,1.5828220858895705,1.589090909090909,1.609172482552343,0,True
123,2012-039-01,2012,50040.0,5.0,4.0,4.0,1.0,2.0,0.5555555555555556,0.0,True,False,0,0,0,0,1,1,1,1,1,1.2991026919242272,1.3240279162512463,1.3448275862068966,1.3781942078364566,1.4007976071784647,1.5659617321248742,1.5818181818181818,1.5884476534296028,1.608955223880597,0,False
124,2012-040-01,2012,90150.0,9.0,0.0,0.0,1.0,9.0,0.4444444444444444,0.4444444444444444,False,False,0,0,0,0,0,1,1,1,1,1.2991026919242272,1.3240279162512463,1.3448275862068966,1.3781942078364566,1.4007976071784647,1.5659617321248742,1.5818181818181818,1.5884476534296028,1.608955223880597,0,True
125,2012-041-01,2012,100020.0,10.0,0.0,0.0,2.0,3.0,1.0,0.0,True,False,1,1,1,1,1,1,1,1,1,1.3001988071570576,1.3250497017892644,1.3465703971119134,1.3796610169491526,1.4015904572564613,1.5672690763052208,1.5892857142857142,1.5928571428571427,1.6101190476190477,1,False
126,2012-042-01,2012,80030.0,8.0,11.0,11.0,1.0,2.0,0.8888888888888888,1.0,True,True,1,1,0,1,1,1,1,1,1,1.3001988071570576,1.3250497017892644,1.3465703971119134,1.3796610169491526,1.4015904572564613,1.5672690763052208,1.5892857142857142,1.5928571428571427,1.6101190476190477,1,True
127,2012-043-01,2012,80180.0,8.0,13.0,7.0,2.0,1.0,0.0,1.0,False,True,0,0,0,0,0,0,0,0,0,1.3001988071570576,1.3250497017892644,1.3465703971119134,1.3796610169491526,1.4015904572564613,1.5672690763052208,1.5892857142857142,1.5928571428571427,1.6101190476190477,0,False
128,2012-044-01,2012,90120.0,9.0,5.0,5.0,1.0,2.0,0.8888888888888888,0.3333333333333333,True,False,0,1,1,1,1,1,1,1,1,1.3,1.3247524752475248,1.3476702508960574,1.3804713804713804,1.401980198019802,1.566,1.5813953488372092,1.5880281690140845,1.608695652173913,1,False
129,2012-045-01,2012,120010.0,12.0,3.0,3.0,2.0,3.0,0.0,0.0,False,False,0,0,0,0,0,0,0,0,0,1.3,1.3247524752475248,1.3476702508960574,1.3804713804713804,1.401980198019802,1.566,1.5813953488372092,1.5880281690140845,1.608695652173913,0,True
130,2012-046-01,2012,10020.0,1.0,6.0,6.0,2.0,5.0,0.5555555555555556,1.0,True,True,1,1,1,1,1,0,0,0,0,1.3,1.3247524752475248,1.3476702508960574,1.3804713804713804,1.401980198019802,1.566,1.5813953488372092,1.5880281690140845,1.608695652173913,1,True
131,2012-047-01,2012,60010.0,6.0,13.0,13.0,2.0,11.0,0.5555555555555556,0.0,True,False,1,1,1,1,1,0,0,0,0,1.3,1.3247524752475248,1.3476702508960574,1.3804713804713804,1.401980198019802,1.566,1.5813953488372092,1.5880281690140845,1.608695652173913,1,False
132,2012-048-01,2012,10020.0,1.0,6.0,6.0,2.0,3.0,1.0,0.4444444444444444,True,False,1,1,1,1,1,1,1,1,1,1.300395256916996,1.325098814229249,1.3482142857142858,1.3808724832214765,1.4031620553359683,1.56686626746507,1.5862068965517242,1.5909090909090908,1.6094674556213018,1,False
133,2012-049-01,2012,20330.0,2.0,5.0,5.0,2.0,12.0,0.6666666666666666,0.4444444444444444,True,False,1,1,1,1,1,1,0,0,0,1.300395256916996,1.325098814229249,1.3482142857142858,1.3808724832214765,1.4031620553359683,1.56686626746507,1.5862068965517242,1.5909090909090908,1.6094674556213018,1,False
134,2012-050-01,2012,10050.0,1.0,0.0,0.0,2.0,1.0,0.7777777777777778,0.5555555555555556,True,True,1,1,1,1,1,1,1,0,0,1.3004926108374384,1.3261083743842363,1.3481349911190053,1.3806343906510852,1.4039408866995073,1.5671641791044777,1.5932203389830508,1.5951557093425606,1.6106194690265487,1,True
135,2012-051-01,2012,100030.0,10.0,0.0,0.0,2.0,2.0,1.0,0.0,True,False,1,1,1,1,1,1,1,1,1,1.3004926108374384,1.3261083743842363,1.3481349911190053,1.3806343906510852,1.4039408866995073,1.5671641791044777,1.5932203389830508,1.5951557093425606,1.6106194690265487,1,False
136,2012-052-01,2012,90110.0,9.0,9.0,10.0,1.0,-99.0,1.0,0.0,True,False,1,1,1,1,1,1,1,1,1,1.3004926108374384,1.3261083743842363,1.3481349911190053,1.3806343906510852,1.4039408866995073,1.5671641791044777,1.5932203389830508,1.5951557093425606,1.6106194690265487,1,False
137,2012-053-01,2012,40070.0,4.0,9.0,9.0,1.0,2.0,0.6666666666666666,1.0,True,True,0,0,0,1,1,1,1,1,1,1.300589390962672,1.3261296660117878,1.3480565371024735,1.3803986710963456,1.4047151277013752,1.5674603174603174,1.5944444444444446,1.595890410958904,1.6107843137254902,1,True
138,2012-054-01,2012,10390.0,1.0,7.0,7.0,1.0,2.0,0.5555555555555556,0.5555555555555556,True,True,0,0,0,0,1,1,1,1,1,1.300589390962672,1.3261296660117878,1.3480565371024735,1.3803986710963456,1.4047151277013752,1.5674603174603174,1.5944444444444446,1.595890410958904,1.6107843137254902,0,True
139,2012-055-01,2012,80160.0,8.0,3.0,3.0,1.0,2.0,1.0,0.0,True,False,1,1,1,1,1,1,1,1,1,1.300589390962672,1.3261296660117878,1.3480565371024735,1.3803986710963456,1.4047151277013752,1.5674603174603174,1.5944444444444446,1.595890410958904,1.6107843137254902,1,False
140,2012-056-01,2012,100030.0,10.0,9.0,-99.0,1.5,2.0,1.0,1.0,True,True,1,1,1,1,1,1,1,1,1,1.3013698630136987,1.3268101761252447,1.3491228070175438,1.381188118811881,1.4050880626223092,1.5671936758893281,1.5923913043478262,1.5945945945945945,1.6103515625,1,True
141,2012-057-01,2012,100030.0,10.0,10.0,0.0,1.0,2.0,0.8888888888888888,1.0,True,True,0,1,1,1,1,1,1,1,1,1.3013698630136987,1.3268101761252447,1.3491228070175438,1.381188118811881,1.4050880626223092,1.5671936758893281,1.5923913043478262,1.5945945945945945,1.6103515625,1,True
142,2012-058-01,2012,10370.0,1.0,11.0,11.0,2.0,3.0,1.0,1.0,True,True,1,1,1,1,1,1,1,1,1,1.3013698630136987,1.3268101761252447,1.3491228070175438,1.381188118811881,1.4050880626223092,1.5671936758893281,1.5923913043478262,1.5945945945945945,1.6103515625,1,True
143,2012-059-01,2012,10430.0,1.0,13.0,-99.0,2.0,7.0,1.0,1.0,True,True,1,1,1,1,1,1,1,1,1,1.3013698630136987,1.3268101761252447,1.3491228070175438,1.381188118811881,1.4050880626223092,1.5671936758893281,1.5923913043478262,1.5945945945945945,1.6103515625,1,True
144,2012-060-01,2012,10090.0,1.0,0.0,0.0,1.0,2.0,0.4444444444444444,0.4444444444444444,False,False,0,0,0,0,0,1,1,1,1,1.3008763388510225,1.326192794547225,1.3466898954703832,1.3780687397708675,1.4040895813047711,1.567354965585054,1.597883597883598,1.5980066445182723,1.6112730806608357,0,True
145,2012-061-01,2012,10430.0,1.0,11.0,-99.0,1.0,2.0,1.0,0.6666666666666666,True,True,1,1,1,1,1,1,1,1,1,1.3008763388510225,1.326192794547225,1.3466898954703832,1.3780687397708675,1.4040895813047711,1.567354965585054,1.597883597883598,1.5980066445182723,1.6112730806608357,1,True
146,2012-062-01,2012,10560.0,1.0,4.0,4.0,1.0,2.0,0.4444444444444444,0.5555555555555556,False,True,0,0,0,0,0,1,1,1,1,1.3008763388510225,1.326192794547225,1.3466898954703832,1.3780687397708675,1.4040895813047711,1.567354965585054,1.597883597883598,1.5980066445182723,1.6112730806608357,0,False
147,2012-063-01,2012,60020.0,6.0,4.0,4.0,1.0,2.0,1.0,0.4444444444444444,True,False,1,1,1,1,1,1,1,1,1,1.3008763388510225,1.326192794547225,1.3466898954703832,1.3780687397708675,1.4040895813047711,1.567354965585054,1.597883597883598,1.5980066445182723,1.6112730806608357,1,False
148,2012-064-01,2012,20010.0,2.0,9.0,9.0,2.0,1.0,0.6666666666666666,0.2222222222222222,True,False,1,1,1,1,1,1,0,0,0,1.3008763388510225,1.326192794547225,1.3466898954703832,1.3780687397708675,1.4040895813047711,1.567354965585054,1.597883597883598,1.5980066445182723,1.6112730806608357,1,False
149,2012-065-01,2012,30010.0,3.0,2.0,-99.0,2.0,2.0,1.0,0.3333333333333333,True,False,1,1,1,1,1,1,1,1,1,1.3,1.3262135922330096,1.3466204506065858,1.3794788273615635,1.4048543689320387,1.5686274509803921,1.6006600660066006,1.6020942408376964,1.6124031007751938,1,False
150,2012-066-01,2012,80160.0,8.0,2.0,-99.0,2.0,4.0,1.0,0.6666666666666666,True,True,1,1,1,1,1,1,1,1,1,1.3,1.3262135922330096,1.3466204506065858,1.3794788273615635,1.4048543689320387,1.5686274509803921,1.6006600660066006,1.6020942408376964,1.6124031007751938,1,True
151,2012-067-01,2012,10560.0,1.0,9.0,9.0,1.0,2.0,0.5555555555555556,0.8888888888888888,True,True,0,0,0,0,1,1,1,1,1,1.3,1.3262135922330096,1.3466204506065858,1.3794788273615635,1.4048543689320387,1.5686274509803921,1.6006600660066006,1.6020942408376964,1.6124031007751938,0,True
152,2012-068-01,2012,20070.0,2.0,5.0,5.0,2.0,2.0,0.5555555555555556,0.8888888888888888,True,True,1,1,1,1,1,0,0,0,0,1.3011583011583012,1.3272200772200773,1.3447684391080617,1.3790322580645162,1.4044401544401544,1.5682261208576997,1.598705501618123,1.6020408163265305,1.6127167630057804,1,True
153,2012-069-01,2012,100030.0,10.0,1.0,1.0,2.0,2.0,0.5555555555555556,0.4444444444444444,True,False,1,1,1,1,1,0,0,0,0,1.3011583011583012,1.3272200772200773,1.3447684391080617,1.3790322580645162,1.4044401544401544,1.5682261208576997,1.598705501618123,1.6020408163265305,1.6127167630057804,1,False
154,2012-070-01,2012,20400.0,2.0,7.0,7.0,1.0,2.0,0.4444444444444444,0.4444444444444444,False,False,0,0,0,0,0,1,1,1,1,1.3011583011583012,1.3272200772200773,1.3447684391080617,1.3790322580645162,1.4044401544401544,1.5682261208576997,1.598705501618123,1.6020408163265305,1.6127167630057804,0,True
155,2012-071-01,2012,10550.0,1.0,5.0,-99.0,1.0,2.0,0.8888888888888888,0.2222222222222222,True,False,0,1,1,1,1,1,1,1,1,1.3011583011583012,1.3272200772200773,1.3447684391080617,1.3790322580645162,1.4044401544401544,1.5682261208576997,1.598705501618123,1.6020408163265305,1.6127167630057804,1,False
156,2012-072-01,2012,20400.0,2.0,5.0,5.0,2.0,6.0,0.5555555555555556,0.5555555555555556,True,True,1,1,1,1,1,0,0,0,0,1.3011583011583012,1.3272200772200773,1.3447684391080617,1.3790322580645162,1.4044401544401544,1.5682261208576997,1.598705501618123,1.6020408163265305,1.6127167630057804,1,True
157,2012-073-01,2012,20020.0,2.0,12.0,12.0,2.0,2.0,0.5555555555555556,0.5555555555555556,True,True,1,1,1,1,1,0,0,0,0,1.3012512030798844,1.3282001924927815,1.3447098976109215,1.3788121990369182,1.4042348411934553,1.5675413022351798,1.5993589743589745,1.6030150753768844,1.6128722382324687,1,True
158,2012-074-01,2012,40070.0,4.0,0.0,0.0,2.0,3.0,0.7777777777777778,0.4444444444444444,True,False,1,1,1,1,1,0,1,1,0,1.3012512030798844,1.3282001924927815,1.3447098976109215,1.3788121990369182,1.4042348411934553,1.5675413022351798,1.5993589743589745,1.6030150753768844,1.6128722382324687,1,False
159,2012-075-01,2012,20150.0,2.0,0.0,0.0,2.0,2.0,1.0,0.5555555555555556,True,True,1,1,1,1,1,1,1,1,1,1.3012512030798844,1.3282001924927815,1.3447098976109215,1.3788121990369182,1.4042348411934553,1.5675413022351798,1.5993589743589745,1.6030150753768844,1.6128722382324687,1,True
160,2012-076-01,2012,20330.0,2.0,9.0,0.0,1.0,5.0,1.0,1.0,True,True,1,1,1,1,1,1,1,1,1,1.3011583011583012,1.3272200772200773,1.3447684391080617,1.3790322580645162,1.4044401544401544,1.5682261208576997,1.598705501618123,1.6020408163265305,1.6127167630057804,1,True
161,2012-077-01,2012,90240.0,9.0,9.0,9.0,2.0,2.0,0.5555555555555556,0.5555555555555556,True,True,1,1,1,1,1,0,0,0,0,1.302593659942363,1.3285302593659942,1.346938775510204,1.3792,1.4053794428434199,1.5674102812803103,1.6019108280254777,1.6019900497512438,1.6126558005752636,1,True
162,2012-078-01,2012,10470.0,1.0,2.0,2.0,1.5,2.0,1.0,1.0,True,True,1,1,1,1,1,1,1,1,1,1.302593659942363,1.3285302593659942,1.346938775510204,1.3792,1.4053794428434199,1.5674102812803103,1.6019108280254777,1.6019900497512438,1.6126558005752636,1,True
163,2012-079-01,2012,40010.0,4.0,2.0,2.0,2.0,2.0,0.6666666666666666,0.4444444444444444,True,False,1,1,1,1,1,1,0,0,0,1.302593659942363,1.3285302593659942,1.346938775510204,1.3792,1.4053794428434199,1.5674102812803103,1.6019108280254777,1.6019900497512438,1.6126558005752636,1,False
